year,sector,industry,business,filename,keyword,count,esg,type
2566,Financials,Finance & Securities,BAM1_2566,BAM1_2566.PDF,คณะกรรมการ,2075,G,predefined
2566,Financials,Finance & Securities,BAM1_2566,BAM1_2566.PDF,คณะกรรมการ,2075,G,predefined
2566,Financials,Finance & Securities,BAM1_2566,BAM1_2566.PDF,ธุรกิจ,1800,E,predefined
2566,Financials,Finance & Securities,BAM1_2566,BAM1_2566.PDF,ข้อมูล,1489,G,predefined
2566,Financials,Finance & Securities,BAM1_2566,BAM1_2566.PDF,การเงิน,1353,E,predefined
2566,Financials,Finance & Securities,BAM1_2566,BAM1_2566.PDF,การเงิน,1353,E,predefined
2566,Financials,Finance & Securities,BAM1_2566,BAM1_2566.PDF,นโยบาย,1118,S,predefined
2566,Financials,Finance & Securities,BAM1_2566,BAM1_2566.PDF,นโยบาย,1118,G,predefined
2566,Financials,Finance & Securities,BAM1_2566,BAM1_2566.PDF,การควบคุม,738,G,predefined
2566,Financials,Finance & Securities,BAM1_2566,BAM1_2566.PDF,ความเสี่ยง,715,G,predefined
2566,Financials,Finance & Securities,BAM1_2566,BAM1_2566.PDF,ความเสี่ยง,715,G,predefined
2566,Financials,Finance & Securities,BAM1_2566,BAM1_2566.PDF,ผู้บริหาร,625,G,predefined
2566,Financials,Finance & Securities,BAM1_2566,BAM1_2566.PDF,พนักงาน,518,S,predefined
2566,Financials,Finance & Securities,BAM1_2566,BAM1_2566.PDF,การควบคุมภายใน,472,G,predefined
2566,Financials,Finance & Securities,BAM1_2566,BAM1_2566.PDF,โครงสร้าง,450,G,predefined
2566,Financials,Finance & Securities,BAM1_2566,BAM1_2566.PDF,สิทธิ,376,G,predefined
2566,Financials,Finance & Securities,BAM1_2566,BAM1_2566.PDF,บุคคล,368,G,predefined
2566,Financials,Finance & Securities,BAM1_2566,BAM1_2566.PDF,ความยั่งยืน,294,E,predefined
2566,Financials,Finance & Securities,BAM1_2566,BAM1_2566.PDF,จรรยาบรรณ,264,G,predefined
2566,Financials,Finance & Securities,BAM1_2566,BAM1_2566.PDF,Compliance,244,G,predefined
2566,Financials,Finance & Securities,BAM1_2566,BAM1_2566.PDF,Compliance,244,G,predefined
2566,Financials,Finance & Securities,BAM1_2566,BAM1_2566.PDF,คณะกรรมการตรวจสอบ,236,G,predefined
2566,Financials,Finance & Securities,BAM1_2566,BAM1_2566.PDF,แนวปฏิบัติ,229,S,predefined
2566,Financials,Finance & Securities,BAM1_2566,BAM1_2566.PDF,ตรวจสอบภายใน,228,G,predefined
2566,Financials,Finance & Securities,BAM1_2566,BAM1_2566.PDF,การบริหารจัดการความเสี่ยง,214,G,predefined
2566,Financials,Finance & Securities,BAM1_2566,BAM1_2566.PDF,เทคโนโลยี,204,S,predefined
2566,Financials,Finance & Securities,BAM1_2566,BAM1_2566.PDF,แนวทาง,150,G,predefined
2566,Financials,Finance & Securities,BAM1_2566,BAM1_2566.PDF,วาระ,127,G,predefined
2566,Financials,Finance & Securities,BAM1_2566,BAM1_2566.PDF,ธนาคาร,115,S,predefined
2566,Financials,Finance & Securities,BAM1_2566,BAM1_2566.PDF,ธนาคาร,115,S,predefined
2566,Financials,Finance & Securities,BAM1_2566,BAM1_2566.PDF,ธนาคาร,115,G,predefined
2566,Financials,Finance & Securities,BAM1_2566,BAM1_2566.PDF,โครงการ,102,S,predefined
2566,Financials,Finance & Securities,BAM1_2566,BAM1_2566.PDF,โครงการ,102,G,predefined
2566,Financials,Finance & Securities,BAM1_2566,BAM1_2566.PDF,โครงการ,102,S,predefined
2566,Financials,Finance & Securities,BAM1_2566,BAM1_2566.PDF,มาตรฐาน,98,G,predefined
2566,Financials,Finance & Securities,BAM1_2566,BAM1_2566.PDF,การทุจริต,98,G,predefined
2566,Financials,Finance & Securities,BAM1_2566,BAM1_2566.PDF,การทุจริต,98,G,predefined
2566,Financials,Finance & Securities,BAM1_2566,BAM1_2566.PDF,ESG,97,E,predefined
2566,Financials,Finance & Securities,BAM1_2566,BAM1_2566.PDF,การลงทุน,87,S,predefined
2566,Financials,Finance & Securities,BAM1_2566,BAM1_2566.PDF,การลงทุน,87,E,predefined
2566,Financials,Finance & Securities,BAM1_2566,BAM1_2566.PDF,การลงทุน,87,G,predefined
2566,Financials,Finance & Securities,BAM1_2566,BAM1_2566.PDF,กองทุน,75,E,predefined
2566,Financials,Finance & Securities,BAM1_2566,BAM1_2566.PDF,การรายงาน,70,G,predefined
2566,Financials,Finance & Securities,BAM1_2566,BAM1_2566.PDF,การรายงาน,70,G,predefined
2566,Financials,Finance & Securities,BAM1_2566,BAM1_2566.PDF,กรอบ,67,G,predefined
2566,Financials,Finance & Securities,BAM1_2566,BAM1_2566.PDF,กรอบ,67,G,predefined
2566,Financials,Finance & Securities,BAM1_2566,BAM1_2566.PDF,บุคลากร,57,S,predefined
2566,Financials,Finance & Securities,BAM1_2566,BAM1_2566.PDF,สินเชื่อ,52,S,predefined
2566,Financials,Finance & Securities,BAM1_2566,BAM1_2566.PDF,สินเชื่อ,52,S,predefined
2566,Financials,Finance & Securities,BAM1_2566,BAM1_2566.PDF,สินเชื่อ,52,G,predefined
2566,Financials,Finance & Securities,BAM1_2566,BAM1_2566.PDF,สินเชื่อ,52,G,predefined
2566,Financials,Finance & Securities,BAM1_2566,BAM1_2566.PDF,สินเชื่อ,52,E,predefined
2566,Financials,Finance & Securities,BAM1_2566,BAM1_2566.PDF,สินเชื่อ,52,E,predefined
2566,Financials,Finance & Securities,BAM1_2566,BAM1_2566.PDF,สินเชื่อ,52,S,predefined
2566,Financials,Finance & Securities,BAM1_2566,BAM1_2566.PDF,สินเชื่อ,52,E,predefined
2566,Financials,Finance & Securities,BAM1_2566,BAM1_2566.PDF,สินเชื่อ,52,E,predefined
2566,Financials,Finance & Securities,BAM1_2566,BAM1_2566.PDF,การติดตาม,46,G,predefined
2566,Financials,Finance & Securities,BAM1_2566,BAM1_2566.PDF,สิทธิมนุษยชน,41,S,predefined
2566,Financials,Finance & Securities,BAM1_2566,BAM1_2566.PDF,ดิจิทัล,34,G,predefined
2566,Financials,Finance & Securities,BAM1_2566,BAM1_2566.PDF,จรรยาบรรณทางธุรกิจ,33,G,predefined
2566,Financials,Finance & Securities,BAM1_2566,BAM1_2566.PDF,ธรรมาภิบาล,32,G,predefined
2566,Financials,Finance & Securities,BAM1_2566,BAM1_2566.PDF,ครอบคลุม,32,S,predefined
2566,Financials,Finance & Securities,BAM1_2566,BAM1_2566.PDF,นวัตกรรม,27,G,predefined
2566,Financials,Finance & Securities,BAM1_2566,BAM1_2566.PDF,การสนับสนุน,27,S,predefined
2566,Financials,Finance & Securities,BAM1_2566,BAM1_2566.PDF,การเงินเ,26,S,predefined
2566,Financials,Finance & Securities,BAM1_2566,BAM1_2566.PDF,การประเมินความเสี่ยง,24,G,predefined
2566,Financials,Finance & Securities,BAM1_2566,BAM1_2566.PDF,การกำกับดูแล,24,G,predefined
2566,Financials,Finance & Securities,BAM1_2566,BAM1_2566.PDF,พลังงาน,21,E,predefined
2566,Financials,Finance & Securities,BAM1_2566,BAM1_2566.PDF,การกำกับดูแลกิจการ,20,G,predefined
2566,Financials,Finance & Securities,BAM1_2566,BAM1_2566.PDF,การเติบโต,20,S,predefined
2566,Financials,Finance & Securities,BAM1_2566,BAM1_2566.PDF,มาตรการ,19,ESG,predefined
2566,Financials,Finance & Securities,BAM1_2566,BAM1_2566.PDF,มาตรการ,19,G,predefined
2566,Financials,Finance & Securities,BAM1_2566,BAM1_2566.PDF,Social,18,S,predefined
2566,Financials,Finance & Securities,BAM1_2566,BAM1_2566.PDF,Social,18,S,predefined
2566,Financials,Finance & Securities,BAM1_2566,BAM1_2566.PDF,Environment,17,E,predefined
2566,Financials,Finance & Securities,BAM1_2566,BAM1_2566.PDF,การฟอกเงิน,17,G,predefined
2566,Financials,Finance & Securities,BAM1_2566,BAM1_2566.PDF,หลากหลาย,17,S,predefined
2566,Financials,Finance & Securities,BAM1_2566,BAM1_2566.PDF,การซื้อขาย,15,E,predefined
2566,Financials,Finance & Securities,BAM1_2566,BAM1_2566.PDF,Environmental,15,E,predefined
2566,Financials,Finance & Securities,BAM1_2566,BAM1_2566.PDF,Environmental,15,E,predefined
2566,Financials,Finance & Securities,BAM1_2566,BAM1_2566.PDF,Environmental,15,E,predefined
2566,Financials,Finance & Securities,BAM1_2566,BAM1_2566.PDF,สวัสดิการพนักงาน,14,S,predefined
2566,Financials,Finance & Securities,BAM1_2566,BAM1_2566.PDF,สภาพภูมิอากาศ,13,E,predefined
2566,Financials,Finance & Securities,BAM1_2566,BAM1_2566.PDF,สภาพภูมิอากาศ,13,E,predefined
2566,Financials,Finance & Securities,BAM1_2566,BAM1_2566.PDF,Corporate Governance,10,G,predefined
2566,Financials,Finance & Securities,BAM1_2566,BAM1_2566.PDF,มาตรฐานสากล,10,G,predefined
2566,Financials,Finance & Securities,BAM1_2566,BAM1_2566.PDF,carbon footprint,9,E,predefined
2566,Financials,Finance & Securities,BAM1_2566,BAM1_2566.PDF,การร่วม,9,G,predefined
2566,Financials,Finance & Securities,BAM1_2566,BAM1_2566.PDF,จริยธรรม,9,G,predefined
2566,Financials,Finance & Securities,BAM1_2566,BAM1_2566.PDF,ความพึงพอใจ,9,S,predefined
2566,Financials,Finance & Securities,BAM1_2566,BAM1_2566.PDF,กลไก,9,G,predefined
2566,Financials,Finance & Securities,BAM1_2566,BAM1_2566.PDF,Technology,8,E,predefined
2566,Financials,Finance & Securities,BAM1_2566,BAM1_2566.PDF,ต่อต้าน,8,G,predefined
2566,Financials,Finance & Securities,BAM1_2566,BAM1_2566.PDF,ความโปร่งใส,7,G,predefined
2566,Financials,Finance & Securities,BAM1_2566,BAM1_2566.PDF,การมีส่วนร่วม,7,G,predefined
2566,Financials,Finance & Securities,BAM1_2566,BAM1_2566.PDF,ความโปร่งใส,7,G,predefined
2566,Financials,Finance & Securities,BAM1_2566,BAM1_2566.PDF,ESG Ratings,7,G,predefined
2566,Financials,Finance & Securities,BAM1_2566,BAM1_2566.PDF,การเปิดเผย,6,ESG,predefined
2566,Financials,Finance & Securities,BAM1_2566,BAM1_2566.PDF,Framework,6,G,predefined
2566,Financials,Finance & Securities,BAM1_2566,BAM1_2566.PDF,Credit,6,S,predefined
2566,Financials,Finance & Securities,BAM1_2566,BAM1_2566.PDF,Framework,6,G,predefined
2566,Financials,Finance & Securities,BAM1_2566,BAM1_2566.PDF,Transition,4,ESG,predefined
2566,Financials,Finance & Securities,BAM1_2566,BAM1_2566.PDF,Green,4,E,predefined
2566,Financials,Finance & Securities,BAM1_2566,BAM1_2566.PDF,Data Protection,4,G,predefined
2566,Financials,Finance & Securities,BAM1_2566,BAM1_2566.PDF,Disclosure,4,G,predefined
2566,Financials,Finance & Securities,BAM1_2566,BAM1_2566.PDF,Data Protection,4,G,predefined
2566,Financials,Finance & Securities,BAM1_2566,BAM1_2566.PDF,ควบคุมความเสี่ยง,4,G,predefined
2566,Financials,Finance & Securities,BAM1_2566,BAM1_2566.PDF,Use,4,E,predefined
2566,Financials,Finance & Securities,BAM1_2566,BAM1_2566.PDF,การเปิดเผยข้อมูล,4,E,predefined
2566,Financials,Finance & Securities,BAM1_2566,BAM1_2566.PDF,Privacy,4,G,predefined
2566,Financials,Finance & Securities,BAM1_2566,BAM1_2566.PDF,การเปิดเผยข้อมูล,4,G,predefined
2566,Financials,Finance & Securities,BAM1_2566,BAM1_2566.PDF,Climate,3,E,predefined
2566,Financials,Finance & Securities,BAM1_2566,BAM1_2566.PDF,การต่อต้านการทุจริต,3,G,predefined
2566,Financials,Finance & Securities,BAM1_2566,BAM1_2566.PDF,Investment,3,S,predefined
2566,Financials,Finance & Securities,BAM1_2566,BAM1_2566.PDF,การให้บริการ,3,S,predefined
2566,Financials,Finance & Securities,BAM1_2566,BAM1_2566.PDF,ความเสี่ยง ESG,3,G,predefined
2566,Financials,Finance & Securities,BAM1_2566,BAM1_2566.PDF,สุขภาพ,3,S,predefined
2566,Financials,Finance & Securities,BAM1_2566,BAM1_2566.PDF,Engagement,3,S,predefined
2566,Financials,Finance & Securities,BAM1_2566,BAM1_2566.PDF,Employee Development,3,S,predefined
2566,Financials,Finance & Securities,BAM1_2566,BAM1_2566.PDF,Shareholder,3,G,predefined
2566,Financials,Finance & Securities,BAM1_2566,BAM1_2566.PDF,ความหลากหลายทางเพศ,2,S,predefined
2566,Financials,Finance & Securities,BAM1_2566,BAM1_2566.PDF,Supply Chain,2,E,predefined
2566,Financials,Finance & Securities,BAM1_2566,BAM1_2566.PDF,Supply Chain,2,E,predefined
2566,Financials,Finance & Securities,BAM1_2566,BAM1_2566.PDF,นโยบายการกำกับดูแล,2,G,predefined
2566,Financials,Finance & Securities,BAM1_2566,BAM1_2566.PDF,Regulation,2,G,predefined
2566,Financials,Finance & Securities,BAM1_2566,BAM1_2566.PDF,Mobile Banking,2,E,predefined
2566,Financials,Finance & Securities,BAM1_2566,BAM1_2566.PDF,ใบรับรอง,2,E,predefined
2566,Financials,Finance & Securities,BAM1_2566,BAM1_2566.PDF,Emission,2,E,predefined
2566,Financials,Finance & Securities,BAM1_2566,BAM1_2566.PDF,มลพิษ,2,E,predefined
2566,Financials,Finance & Securities,BAM1_2566,BAM1_2566.PDF,ความเท่าเทียม,2,S,predefined
2566,Financials,Finance & Securities,BAM1_2566,BAM1_2566.PDF,ข้อพิพาทด้านแรงงาน,2,S,predefined
2566,Financials,Finance & Securities,BAM1_2566,BAM1_2566.PDF,ความขัดแย้ง,2,S,predefined
2566,Financials,Finance & Securities,BAM1_2566,BAM1_2566.PDF,Green Office,1,E,predefined
2566,Financials,Finance & Securities,BAM1_2566,BAM1_2566.PDF,การลงทุนที่ยั่งยืน,1,S,predefined
2566,Financials,Finance & Securities,BAM1_2566,BAM1_2566.PDF,พลังงานทดแทน,1,ESG,predefined
2566,Financials,Finance & Securities,BAM1_2566,BAM1_2566.PDF,Economy,1,S,predefined
2566,Financials,Finance & Securities,BAM1_2566,BAM1_2566.PDF,resource efficiency,1,E,predefined
2566,Financials,Finance & Securities,BAM1_2566,BAM1_2566.PDF,Stakeholder Engagement,1,S,predefined
2566,Financials,Finance & Securities,BAM1_2566,BAM1_2566.PDF,Payment,1,G,predefined
2566,Financials,Finance & Securities,BAM1_2566,BAM1_2566.PDF,ความปลอดภัยไซเบอร์,1,G,predefined
2566,Financials,Finance & Securities,BAM1_2566,BAM1_2566.PDF,บุคคลที่สาม,1,G,predefined
2566,Financials,Finance & Securities,BAM1_2566,BAM1_2566.PDF,ความเสี่ยงทางการเงิน,1,G,predefined
2566,Financials,Finance & Securities,BAM1_2566,BAM1_2566.PDF,Cybersecurity,1,G,predefined
2566,Financials,Finance & Securities,BAM1_2566,BAM1_2566.PDF,Data Governance,1,G,predefined
2566,Financials,Finance & Securities,BAM1_2566,BAM1_2566.PDF,การประเมินผลกระทบ,1,G,predefined
2566,Financials,Finance & Securities,BAM1_2566,BAM1_2566.PDF,ESG Criteria,1,E,predefined
2566,Financials,Finance & Securities,BAM1_2566,BAM1_2566.PDF,Customer Engagement,1,S,predefined
2566,Financials,Finance & Securities,BAM1_2566,BAM1_2566.PDF,พลังงานทดแทน,1,E,predefined
2566,Financials,Finance & Securities,BAM1_2566,BAM1_2566.PDF,Clean,1,E,predefined
2566,Financials,Finance & Securities,BAM1_2566,BAM1_2566.PDF,การละเมิดสิทธิมนุษยชน,1,S,predefined
2566,Financials,Finance & Securities,BAM1_2566,BAM1_2566.PDF,การเลือกปฏิบัติ,1,S,predefined
2566,Financials,Finance & Securities,BAM1_2566,BAM1_2566.PDF,จริยธรรมทางธุรกิจ,1,G,predefined
2566,Financials,Insurance,TLI2_2566,TLI2_2566.PDF,คณะกรรมการ,1430,G,predefined
2566,Financials,Insurance,TLI2_2566,TLI2_2566.PDF,คณะกรรมการ,1430,G,predefined
2566,Financials,Insurance,TLI2_2566,TLI2_2566.PDF,ธุรกิจ,764,E,predefined
2566,Financials,Insurance,TLI2_2566,TLI2_2566.PDF,นโยบาย,447,S,predefined
2566,Financials,Insurance,TLI2_2566,TLI2_2566.PDF,นโยบาย,447,G,predefined
2566,Financials,Insurance,TLI2_2566,TLI2_2566.PDF,บุคคล,367,G,predefined
2566,Financials,Insurance,TLI2_2566,TLI2_2566.PDF,ข้อมูล,366,G,predefined
2566,Financials,Insurance,TLI2_2566,TLI2_2566.PDF,การลงทุน,287,S,predefined
2566,Financials,Insurance,TLI2_2566,TLI2_2566.PDF,การลงทุน,287,E,predefined
2566,Financials,Insurance,TLI2_2566,TLI2_2566.PDF,การลงทุน,287,G,predefined
2566,Financials,Insurance,TLI2_2566,TLI2_2566.PDF,สิทธิ,271,G,predefined
2566,Financials,Insurance,TLI2_2566,TLI2_2566.PDF,การเงิน,252,E,predefined
2566,Financials,Insurance,TLI2_2566,TLI2_2566.PDF,การเงิน,252,E,predefined
2566,Financials,Insurance,TLI2_2566,TLI2_2566.PDF,พนักงาน,220,S,predefined
2566,Financials,Insurance,TLI2_2566,TLI2_2566.PDF,การกำกับดูแล,190,G,predefined
2566,Financials,Insurance,TLI2_2566,TLI2_2566.PDF,คณะกรรมการตรวจสอบ,145,G,predefined
2566,Financials,Insurance,TLI2_2566,TLI2_2566.PDF,การกำกับดูแลกิจการ,137,G,predefined
2566,Financials,Insurance,TLI2_2566,TLI2_2566.PDF,การควบคุม,130,G,predefined
2566,Financials,Insurance,TLI2_2566,TLI2_2566.PDF,มาตรฐาน,108,G,predefined
2566,Financials,Insurance,TLI2_2566,TLI2_2566.PDF,วาระ,99,G,predefined
2566,Financials,Insurance,TLI2_2566,TLI2_2566.PDF,แนวทาง,96,G,predefined
2566,Financials,Insurance,TLI2_2566,TLI2_2566.PDF,การควบคุมภายใน,82,G,predefined
2566,Financials,Insurance,TLI2_2566,TLI2_2566.PDF,บุคลากร,82,S,predefined
2566,Financials,Insurance,TLI2_2566,TLI2_2566.PDF,กรอบ,81,G,predefined
2566,Financials,Insurance,TLI2_2566,TLI2_2566.PDF,กรอบ,81,G,predefined
2566,Financials,Insurance,TLI2_2566,TLI2_2566.PDF,สุขภาพ,76,S,predefined
2566,Financials,Insurance,TLI2_2566,TLI2_2566.PDF,การให้บริการ,74,S,predefined
2566,Financials,Insurance,TLI2_2566,TLI2_2566.PDF,เทคโนโลยี,74,S,predefined
2566,Financials,Insurance,TLI2_2566,TLI2_2566.PDF,กองทุน,70,E,predefined
2566,Financials,Insurance,TLI2_2566,TLI2_2566.PDF,แนวปฏิบัติ,70,S,predefined
2566,Financials,Insurance,TLI2_2566,TLI2_2566.PDF,ครอบคลุม,62,S,predefined
2566,Financials,Insurance,TLI2_2566,TLI2_2566.PDF,โครงสร้าง,59,G,predefined
2566,Financials,Insurance,TLI2_2566,TLI2_2566.PDF,ความขัดแย้ง,58,S,predefined
2566,Financials,Insurance,TLI2_2566,TLI2_2566.PDF,การรายงาน,55,G,predefined
2566,Financials,Insurance,TLI2_2566,TLI2_2566.PDF,การรายงาน,55,G,predefined
2566,Financials,Insurance,TLI2_2566,TLI2_2566.PDF,การทุจริต,54,G,predefined
2566,Financials,Insurance,TLI2_2566,TLI2_2566.PDF,การทุจริต,54,G,predefined
2566,Financials,Insurance,TLI2_2566,TLI2_2566.PDF,ตรวจสอบภายใน,53,G,predefined
2566,Financials,Insurance,TLI2_2566,TLI2_2566.PDF,จรรยาบรรณ,53,G,predefined
2566,Financials,Insurance,TLI2_2566,TLI2_2566.PDF,ความเสี่ยง,51,G,predefined
2566,Financials,Insurance,TLI2_2566,TLI2_2566.PDF,ความเสี่ยง,51,G,predefined
2566,Financials,Insurance,TLI2_2566,TLI2_2566.PDF,ธนาคาร,50,S,predefined
2566,Financials,Insurance,TLI2_2566,TLI2_2566.PDF,ธนาคาร,50,S,predefined
2566,Financials,Insurance,TLI2_2566,TLI2_2566.PDF,ธนาคาร,50,G,predefined
2566,Financials,Insurance,TLI2_2566,TLI2_2566.PDF,การเปิดเผย,48,ESG,predefined
2566,Financials,Insurance,TLI2_2566,TLI2_2566.PDF,ผู้บริหาร,35,G,predefined
2566,Financials,Insurance,TLI2_2566,TLI2_2566.PDF,นวัตกรรม,35,G,predefined
2566,Financials,Insurance,TLI2_2566,TLI2_2566.PDF,การสนับสนุน,34,S,predefined
2566,Financials,Insurance,TLI2_2566,TLI2_2566.PDF,การให้สินบน,34,G,predefined
2566,Financials,Insurance,TLI2_2566,TLI2_2566.PDF,การเปิดเผยข้อมูล,33,E,predefined
2566,Financials,Insurance,TLI2_2566,TLI2_2566.PDF,การเปิดเผยข้อมูล,33,G,predefined
2566,Financials,Insurance,TLI2_2566,TLI2_2566.PDF,โครงการ,32,S,predefined
2566,Financials,Insurance,TLI2_2566,TLI2_2566.PDF,โครงการ,32,G,predefined
2566,Financials,Insurance,TLI2_2566,TLI2_2566.PDF,โครงการ,32,S,predefined
2566,Financials,Insurance,TLI2_2566,TLI2_2566.PDF,จริยธรรม,30,G,predefined
2566,Financials,Insurance,TLI2_2566,TLI2_2566.PDF,จรรยาบรรณทางธุรกิจ,27,G,predefined
2566,Financials,Insurance,TLI2_2566,TLI2_2566.PDF,หลากหลาย,26,S,predefined
2566,Financials,Insurance,TLI2_2566,TLI2_2566.PDF,การติดตาม,25,G,predefined
2566,Financials,Insurance,TLI2_2566,TLI2_2566.PDF,ต่อต้าน,24,G,predefined
2566,Financials,Insurance,TLI2_2566,TLI2_2566.PDF,ความยั่งยืน,23,E,predefined
2566,Financials,Insurance,TLI2_2566,TLI2_2566.PDF,มาตรการ,22,ESG,predefined
2566,Financials,Insurance,TLI2_2566,TLI2_2566.PDF,มาตรการ,22,G,predefined
2566,Financials,Insurance,TLI2_2566,TLI2_2566.PDF,ESG,21,E,predefined
2566,Financials,Insurance,TLI2_2566,TLI2_2566.PDF,นโยบายการกำกับดูแล,21,G,predefined
2566,Financials,Insurance,TLI2_2566,TLI2_2566.PDF,ธรรมาภิบาล,20,G,predefined
2566,Financials,Insurance,TLI2_2566,TLI2_2566.PDF,กลไก,20,G,predefined
2566,Financials,Insurance,TLI2_2566,TLI2_2566.PDF,ดิจิทัล,18,G,predefined
2566,Financials,Insurance,TLI2_2566,TLI2_2566.PDF,ความโปร่งใส,17,G,predefined
2566,Financials,Insurance,TLI2_2566,TLI2_2566.PDF,พลังงาน,17,E,predefined
2566,Financials,Insurance,TLI2_2566,TLI2_2566.PDF,ความโปร่งใส,17,G,predefined
2566,Financials,Insurance,TLI2_2566,TLI2_2566.PDF,Risk,16,G,predefined
2566,Financials,Insurance,TLI2_2566,TLI2_2566.PDF,สิ่งแวดล้อม,16,E,predefined
2566,Financials,Insurance,TLI2_2566,TLI2_2566.PDF,พันธบัตร,16,S,predefined
2566,Financials,Insurance,TLI2_2566,TLI2_2566.PDF,Credit,16,S,predefined
2566,Financials,Insurance,TLI2_2566,TLI2_2566.PDF,การต่อต้านการทุจริต,14,G,predefined
2566,Financials,Insurance,TLI2_2566,TLI2_2566.PDF,การเติบโต,13,S,predefined
2566,Financials,Insurance,TLI2_2566,TLI2_2566.PDF,Investment,12,S,predefined
2566,Financials,Insurance,TLI2_2566,TLI2_2566.PDF,Investment,12,S,predefined
2566,Financials,Insurance,TLI2_2566,TLI2_2566.PDF,ห่วงโซ่อุปทาน,12,E,predefined
2566,Financials,Insurance,TLI2_2566,TLI2_2566.PDF,ห่วงโซ่อุปทาน,12,E,predefined
2566,Financials,Insurance,TLI2_2566,TLI2_2566.PDF,การเงินเ,12,S,predefined
2566,Financials,Insurance,TLI2_2566,TLI2_2566.PDF,Corporate Governance,12,G,predefined
2566,Financials,Insurance,TLI2_2566,TLI2_2566.PDF,Social,10,S,predefined
2566,Financials,Insurance,TLI2_2566,TLI2_2566.PDF,Social,10,S,predefined
2566,Financials,Insurance,TLI2_2566,TLI2_2566.PDF,การมีส่วนร่วม,9,G,predefined
2566,Financials,Insurance,TLI2_2566,TLI2_2566.PDF,การใช้ทรัพยากร,9,E,predefined
2566,Financials,Insurance,TLI2_2566,TLI2_2566.PDF,สภาพภูมิอากาศ,8,E,predefined
2566,Financials,Insurance,TLI2_2566,TLI2_2566.PDF,สิทธิมนุษยชน,8,S,predefined
2566,Financials,Insurance,TLI2_2566,TLI2_2566.PDF,การใช้พลังงาน,8,E,predefined
2566,Financials,Insurance,TLI2_2566,TLI2_2566.PDF,สภาพภูมิอากาศ,8,E,predefined
2566,Financials,Insurance,TLI2_2566,TLI2_2566.PDF,สาธารณสุข,7,S,predefined
2566,Financials,Insurance,TLI2_2566,TLI2_2566.PDF,Compliance,6,G,predefined
2566,Financials,Insurance,TLI2_2566,TLI2_2566.PDF,Inclusion,6,S,predefined
2566,Financials,Insurance,TLI2_2566,TLI2_2566.PDF,การร่วม,5,G,predefined
2566,Financials,Insurance,TLI2_2566,TLI2_2566.PDF,การฟอกเงิน,5,G,predefined
2566,Financials,Insurance,TLI2_2566,TLI2_2566.PDF,มาตรฐานสากล,4,G,predefined
2566,Financials,Insurance,TLI2_2566,TLI2_2566.PDF,ระเบียบข้อบังคับ,4,G,predefined
2566,Financials,Insurance,TLI2_2566,TLI2_2566.PDF,พลังงานทดแทน,3,ESG,predefined
2566,Financials,Insurance,TLI2_2566,TLI2_2566.PDF,สวัสดิการพนักงาน,3,S,predefined
2566,Financials,Insurance,TLI2_2566,TLI2_2566.PDF,Cybersecurity,3,G,predefined
2566,Financials,Insurance,TLI2_2566,TLI2_2566.PDF,ด้านสิ่งแวดล้อม,3,E,predefined
2566,Financials,Insurance,TLI2_2566,TLI2_2566.PDF,พลังงานทดแทน,3,E,predefined
2566,Financials,Insurance,TLI2_2566,TLI2_2566.PDF,พลังงานสะอาด,3,E,predefined
2566,Financials,Insurance,TLI2_2566,TLI2_2566.PDF,Environmental,3,E,predefined
2566,Financials,Insurance,TLI2_2566,TLI2_2566.PDF,ด้านสิ่งแวดล้อม,3,E,predefined
2566,Financials,Insurance,TLI2_2566,TLI2_2566.PDF,สินเชื่อ,2,S,predefined
2566,Financials,Insurance,TLI2_2566,TLI2_2566.PDF,สินเชื่อ,2,S,predefined
2566,Financials,Insurance,TLI2_2566,TLI2_2566.PDF,สินเชื่อ,2,G,predefined
2566,Financials,Insurance,TLI2_2566,TLI2_2566.PDF,Economy,2,S,predefined
2566,Financials,Insurance,TLI2_2566,TLI2_2566.PDF,การบริหารจัดการความเสี่ยง,2,G,predefined
2566,Financials,Insurance,TLI2_2566,TLI2_2566.PDF,Sustainable Finance,2,E,predefined
2566,Financials,Insurance,TLI2_2566,TLI2_2566.PDF,Green,2,E,predefined
2566,Financials,Insurance,TLI2_2566,TLI2_2566.PDF,สินเชื่อ,2,G,predefined
2566,Financials,Insurance,TLI2_2566,TLI2_2566.PDF,Fintech,2,G,predefined
2566,Financials,Insurance,TLI2_2566,TLI2_2566.PDF,สินเชื่อ,2,E,predefined
2566,Financials,Insurance,TLI2_2566,TLI2_2566.PDF,สินเชื่อ,2,E,predefined
2566,Financials,Insurance,TLI2_2566,TLI2_2566.PDF,สินเชื่อ,2,S,predefined
2566,Financials,Insurance,TLI2_2566,TLI2_2566.PDF,ความมุ่งมั่น,2,S,predefined
2566,Financials,Insurance,TLI2_2566,TLI2_2566.PDF,เยาวชน,2,S,predefined
2566,Financials,Insurance,TLI2_2566,TLI2_2566.PDF,กรอบการกำกับดูแล,2,G,predefined
2566,Financials,Insurance,TLI2_2566,TLI2_2566.PDF,สำหรับทุกคน,2,S,predefined
2566,Financials,Insurance,TLI2_2566,TLI2_2566.PDF,สินเชื่อ,2,E,predefined
2566,Financials,Insurance,TLI2_2566,TLI2_2566.PDF,สินเชื่อ,2,E,predefined
2566,Financials,Insurance,TLI2_2566,TLI2_2566.PDF,Disclosure,2,G,predefined
2566,Financials,Insurance,TLI2_2566,TLI2_2566.PDF,บริการทางการเงิน,2,E,predefined
2566,Financials,Insurance,TLI2_2566,TLI2_2566.PDF,การกำกับดูแลข้อมูล,2,G,predefined
2566,Financials,Insurance,TLI2_2566,TLI2_2566.PDF,Technology,2,E,predefined
2566,Financials,Insurance,TLI2_2566,TLI2_2566.PDF,การใช้พลังงานอย่างมีประสิทธิภาพ,2,E,predefined
2566,Financials,Insurance,TLI2_2566,TLI2_2566.PDF,ความเป็นส่วนตัว,2,G,predefined
2566,Financials,Insurance,TLI2_2566,TLI2_2566.PDF,Framework,2,G,predefined
2566,Financials,Insurance,TLI2_2566,TLI2_2566.PDF,Conflict of Interest,1,G,predefined
2566,Financials,Insurance,TLI2_2566,TLI2_2566.PDF,Climate,1,E,predefined
2566,Financials,Insurance,TLI2_2566,TLI2_2566.PDF,ประสิทธิภาพการใช้ทรัพยากร,1,E,predefined
2566,Financials,Insurance,TLI2_2566,TLI2_2566.PDF,Circular Economy,1,E,predefined
2566,Financials,Insurance,TLI2_2566,TLI2_2566.PDF,Financial Services,1,S,predefined
2566,Financials,Insurance,TLI2_2566,TLI2_2566.PDF,Trading,1,E,predefined
2566,Financials,Insurance,TLI2_2566,TLI2_2566.PDF,Conflict of Interest,1,G,predefined
2566,Financials,Insurance,TLI2_2566,TLI2_2566.PDF,Data Privacy,1,G,predefined
2566,Financials,Insurance,TLI2_2566,TLI2_2566.PDF,สตรี,1,S,predefined
2566,Financials,Insurance,TLI2_2566,TLI2_2566.PDF,ความปลอดภัยทางไซเบอร์,1,G,predefined
2566,Financials,Insurance,TLI2_2566,TLI2_2566.PDF,Corporate Social Responsibility,1,S,predefined
2566,Financials,Insurance,TLI2_2566,TLI2_2566.PDF,การประเมินผลกระทบ,1,G,predefined
2566,Financials,Insurance,TLI2_2566,TLI2_2566.PDF,Shareholder,1,G,predefined
2566,Financials,Insurance,TLI2_2566,TLI2_2566.PDF,การปฏิบัติตามข้อกำหนด,1,G,predefined
2566,Financials,Insurance,TLI2_2566,TLI2_2566.PDF,Data Privacy,1,G,predefined
2566,Financials,Insurance,TLI2_2566,TLI2_2566.PDF,Certificate,1,E,predefined
2566,Financials,Insurance,TLI2_2566,TLI2_2566.PDF,การใช้น้ำ,1,E,predefined
2566,Financials,Insurance,TLI2_2566,TLI2_2566.PDF,Energy,1,E,predefined
2566,Financials,Insurance,TLI2_2566,TLI2_2566.PDF,ความเท่าเทียม,1,S,predefined
2566,Financials,Insurance,TLI2_2566,TLI2_2566.PDF,ความเป็นอิสระของคณะกรรมการ,1,G,predefined
2566,Financials,Insurance,TLI2_2566,TLI2_2566.PDF,การปฏิบัติตามข้อกำหนด,1,G,predefined
